City,Lat,Lng,Max Temp,Humidity,Cloudiness,Wind Speed,Country,Date
hobart,-42.8794,147.3294,57.25,64,75,5.99,AU,1627436894
vaini,-21.2,-175.2,69.96,83,75,8.05,TO,1627436906
punta arenas,-53.15,-70.9167,44.71,81,75,23.02,CL,1627436906
mataura,-46.1927,168.8643,52.48,74,68,1.28,NZ,1627436906
busselton,-33.65,115.3333,55.04,67,65,16.64,AU,1627436907
san quintin,30.4833,-115.95,71.11,80,1,13.44,MX,1627436907
swift current,50.2834,-107.8014,88.61,30,1,17.27,CA,1627436907
saldanha,-33.0117,17.9442,53.65,67,100,5.82,ZA,1627436715
hithadhoo,-0.6,73.0833,80.46,78,72,8.86,MV,1627436908
airai,-8.9266,125.4092,74.14,34,91,4.61,TL,1627436908
esperance,-33.8667,121.9,51.64,62,2,17.27,AU,1627436773
saint-philippe,-21.3585,55.7679,67.59,86,99,12.75,RE,1627436909
chuy,-33.6971,-53.4616,42.22,70,29,16.02,UY,1627436910
villazon,-22.0866,-65.5942,38.37,19,0,7.16,BO,1627436910
jamestown,42.097,-79.2353,72.72,78,1,5.12,US,1627436713
avarua,-21.2078,-159.775,77.05,65,30,6.91,CK,1627436910
kruisfontein,-34.0033,24.7314,54.88,84,35,14.23,ZA,1627436722
tigre,-34.426,-58.5796,48.34,58,40,12.66,AR,1627436911
kieta,-6.2167,155.6333,84.13,69,98,3.87,PG,1627436911
lompoc,34.6391,-120.4579,77.02,78,90,11.5,US,1627436912
bredasdorp,-34.5322,20.0403,54.72,67,100,6.91,ZA,1627436912
arraial do cabo,-22.9661,-42.0278,70.61,83,0,22.39,BR,1627436912
mangaratiba,-22.9597,-44.0406,72.46,71,0,17.02,BR,1627436914
kapaa,22.0752,-159.319,84.18,75,90,4.0,US,1627436915
bluff,-46.6,168.3333,52.81,70,33,9.26,NZ,1627436915
sao filipe,14.8961,-24.4956,74.17,80,11,8.79,CV,1627436916
antalaha,-14.9003,50.2788,64.53,90,11,8.1,MG,1627436916
ilulissat,69.2167,-51.1,55.42,67,100,3.44,GL,1627436916
hami,42.8,93.45,93.56,14,15,12.35,CN,1627436917
atuona,-9.8,-139.0333,78.01,68,0,17.72,PF,1627436917
aripuana,-9.1667,-60.6333,77.18,48,80,1.97,BR,1627436917
codrington,-38.2667,141.9667,49.05,84,100,21.23,AU,1627436857
arandis,-22.4167,14.9667,50.47,25,0,8.9,NA,1627436918
tsaratanana,-16.7833,47.65,63.1,73,72,8.66,MG,1627436919
faanui,-16.4833,-151.75,77.79,75,55,8.99,PF,1627436919
sobolevo,54.4299,31.8996,62.71,96,100,6.89,RU,1627436919
almaznyy,48.0448,40.045,59.14,67,0,6.15,RU,1627436920
rikitea,-23.1203,-134.9692,74.03,78,100,15.28,PF,1627436920
ushuaia,-54.8,-68.3,37.06,100,90,4.61,AR,1627436885
chokurdakh,70.6333,147.9167,49.71,46,70,13.6,RU,1627436921
pevek,69.7008,170.3133,37.18,89,98,8.43,RU,1627436720
stolin,51.8912,26.846,63.97,96,7,5.37,BY,1627436922
adrar,20.5022,-10.0711,86.41,32,100,11.74,MR,1627436922
solnechnyy,50.7214,136.6319,82.87,72,44,3.49,RU,1627436922
saskylakh,71.9167,114.0833,64.78,42,20,19.73,RU,1627436923
husavik,66.0449,-17.3389,49.91,99,100,10.18,IS,1627436923
dikson,73.5069,80.5464,37.53,99,100,12.95,RU,1627436924
port alfred,-33.5906,26.891,60.94,85,16,15.01,ZA,1627436924
butaritari,3.0707,172.7902,81.64,72,100,4.54,KI,1627436765
ribeira grande,38.5167,-28.7,72.03,85,52,9.28,PT,1627436925
claremont,34.0967,-117.7198,99.05,38,1,8.01,US,1627436925
severo-kurilsk,50.6789,156.125,58.84,91,100,7.14,RU,1627436925
ugoofaaru,5.6667,73.0,82.45,76,69,14.94,MV,1627436926
tandil,-37.3217,-59.1332,40.3,92,100,8.01,AR,1627436801
siilinjarvi,63.0833,27.6667,62.62,88,0,2.3,FI,1627436926
okhotsk,59.3833,143.3,61.56,83,93,12.12,RU,1627436927
una,20.8167,71.0333,81.18,84,100,19.08,IN,1627436927
tarko-sale,64.9225,77.785,55.49,70,100,13.71,RU,1627436928
new norfolk,-42.7826,147.0587,56.91,65,52,5.01,AU,1627436717
cape town,-33.9258,18.4232,52.12,92,20,1.99,ZA,1627436928
kaitangata,-46.2817,169.8464,54.93,50,92,1.28,NZ,1627436929
inhambane,-23.865,35.3833,64.4,64,0,6.71,MZ,1627436929
svetlogorsk,52.6333,29.7333,62.11,98,97,4.36,BY,1627436930
passos,-20.7189,-46.6097,61.66,47,5,1.99,BR,1627436930
sakakah,29.9697,40.2064,87.37,26,0,6.31,SA,1627436930
boone,39.0334,-92.3335,86.88,73,0,6.26,US,1627436931
east london,-33.0153,27.9116,64.8,78,1,14.7,ZA,1627436931
yugorsk,61.3133,63.3319,45.84,84,99,4.94,RU,1627436931
nikolskoye,59.7035,30.7861,64.02,68,100,4.65,RU,1627436799
harper,4.375,-7.7169,76.46,74,100,7.54,LR,1627436932
bose,45.4612,8.0137,68.25,97,100,1.83,IT,1627436932
torbay,47.6666,-52.7314,66.97,96,90,13.8,CA,1627436868
urumqi,43.801,87.6005,79.75,28,0,6.71,CN,1627436933
albany,42.6001,-73.9662,67.95,92,100,2.04,US,1627436331
upernavik,72.7868,-56.1549,50.25,72,97,10.42,GL,1627436933
nenjiang,49.1833,125.2167,75.34,78,50,9.06,CN,1627436934
meulaboh,4.1363,96.1285,79.72,83,54,2.71,ID,1627436934
buala,-8.145,159.5921,83.19,74,90,8.88,SB,1627436934
vanimo,-2.6741,141.3028,86.25,67,20,5.91,PG,1627436935
bethel,41.3712,-73.414,77.31,83,90,4.61,US,1627436935
hilo,19.7297,-155.09,80.33,83,90,8.05,US,1627436917
pisco,-13.7,-76.2167,63.01,82,0,17.27,PE,1627436936
san patricio,28.017,-97.5169,86.68,65,30,8.57,US,1627436936
barrow,71.2906,-156.7887,42.82,87,90,19.57,US,1627436937
belgrade,44.804,20.4651,73.06,78,0,2.3,RS,1627436704
lavrentiya,65.5833,-171.0,44.17,99,100,10.27,RU,1627436808
isabela,6.7085,121.9711,86.05,67,25,5.99,PH,1627436938
puerto ayora,-0.7393,-90.3518,71.49,84,20,9.24,EC,1627436938
tasiilaq,65.6145,-37.6368,39.36,80,22,7.16,GL,1627436939
boa vista,2.8197,-60.6733,78.78,89,75,3.44,BR,1627436939
gat,31.61,34.7642,77.92,100,0,1.16,IL,1627436881
san cristobal,7.7669,-72.225,73.58,96,45,1.72,VE,1627436939
tezu,27.9167,96.1667,87.58,62,74,1.25,IN,1627436940
qaanaaq,77.484,-69.3632,42.04,92,96,6.15,GL,1627436751
grand gaube,-20.0064,57.6608,67.37,91,100,7.0,MU,1627436793
srednekolymsk,67.45,153.6833,37.49,97,100,9.33,RU,1627436941
hinganghat,20.5667,78.8333,78.21,75,100,12.26,IN,1627436941
hit,33.6416,42.8251,90.7,21,0,15.84,IQ,1627436941
mar del plata,-38.0023,-57.5575,46.13,66,90,13.0,AR,1627436763
clyde river,70.4692,-68.5914,46.63,81,90,8.05,CA,1627436942
hailey,43.5196,-114.3153,82.26,36,40,4.61,US,1627436942
puerto escondido,15.85,-97.0667,79.63,65,90,6.91,MX,1627436943
southbridge,42.0751,-72.0334,67.64,96,100,1.36,US,1627436943
bela,25.9333,81.9833,81.25,87,100,13.06,IN,1627436943
chapais,49.7834,-74.8492,53.38,62,77,3.56,CA,1627436944
saint-joseph,-21.3667,55.6167,66.58,84,64,14.38,RE,1627436944
ngunguru,-35.6167,174.5,64.17,66,74,9.19,NZ,1627436945
taoudenni,22.6783,-3.9836,98.82,10,66,8.41,ML,1627436945
broken hill,-31.95,141.4333,62.31,59,0,20.71,AU,1627436794
tezontepec,19.8833,-98.8167,66.88,78,74,7.67,MX,1627436946
biltine,14.5333,20.9167,79.84,63,100,1.52,TD,1627436946
mount isa,-20.7333,139.5,83.97,28,3,11.5,AU,1627436803
teknaf,20.8624,92.3058,80.98,88,100,13.85,BD,1627436947
hasaki,35.7333,140.8333,88.29,81,100,20.54,JP,1627436947
kabare,-2.4683,28.8242,58.32,69,13,0.78,CD,1627436948
katsuura,35.1333,140.3,86.11,77,100,19.69,JP,1627436948
verkhniy mamon,50.1635,40.3832,65.59,57,11,0.92,RU,1627436949
jiuquan,39.7432,98.5174,83.59,18,55,1.92,CN,1627436949
ancud,-41.8697,-73.8203,42.33,86,70,3.29,CL,1627436742
dingle,10.9995,122.6711,86.5,68,65,17.69,PH,1627436950
bonito,-21.1211,-56.4819,55.99,35,90,9.6,BR,1627436755
kamaishi,39.2667,141.8833,76.15,94,100,18.77,JP,1627436950
domodossola,46.1165,8.2931,70.72,99,100,1.28,IT,1627436951
beringovskiy,63.05,179.3167,48.72,87,100,14.18,RU,1627436951
tuatapere,-46.1333,167.6833,52.83,62,33,0.56,NZ,1627436790
frederikshavn,57.4407,10.5366,62.55,94,99,8.97,DK,1627436952
kununurra,-15.7667,128.7333,85.98,48,8,8.05,AU,1627436952
aswan,24.0934,32.907,88.9,23,0,11.5,EG,1627436952
asau,46.4333,26.4,72.39,70,11,6.11,RO,1627436851
robertsport,6.7533,-11.3686,77.36,80,100,12.97,LR,1627436953
kodiak,57.79,-152.4072,62.11,55,90,4.61,US,1627436731
tsiroanomandidy,-18.7667,46.0333,51.71,73,0,1.9,MG,1627436954
victoria,22.2855,114.1577,92.97,85,99,1.01,HK,1627436701
the valley,18.217,-63.0578,82.26,76,2,19.64,AI,1627436814
yellowknife,62.456,-114.3525,62.33,44,40,1.99,CA,1627436705
khatanga,71.9667,102.5,83.93,42,8,18.84,RU,1627436720
recreio,-21.525,-42.4692,64.74,56,0,1.1,BR,1627436955
fernandez,-27.9204,-63.8935,47.8,32,2,3.94,AR,1627436955
narsaq,60.9167,-46.05,46.62,73,99,3.18,GL,1627436956
rovaniemi,66.5,25.7167,62.01,67,0,8.05,FI,1627436956
klaksvik,62.2266,-6.589,50.92,96,99,4.54,FO,1627436956
ponta do sol,32.6667,-17.1,72.23,78,4,4.88,PT,1627436957
kitimat,54.0524,-128.6534,70.18,62,100,3.15,CA,1627436957
fandriana,-20.2333,47.3833,42.89,95,17,1.81,MG,1627436958
qasigiannguit,68.8193,-51.1922,55.65,79,97,9.57,GL,1627436859
port moresby,-9.4431,147.1797,85.42,70,75,11.5,PG,1627436958
seguela,7.9611,-6.6731,70.18,94,100,6.78,CI,1627436959
isangel,-19.55,169.2667,78.91,57,75,11.5,VU,1627436815
castro,-24.7911,-50.0119,47.17,91,100,6.89,BR,1627436959
mahebourg,-20.4081,57.7,67.24,94,75,17.27,MU,1627436725
east millcreek,40.7,-111.8105,92.16,40,75,14.97,US,1627436960
porto empedocle,37.2934,13.5264,80.91,50,0,3.83,IT,1627436960
batagay-alyta,67.8006,130.4114,52.43,50,32,15.7,RU,1627436961
tuktoyaktuk,69.4541,-133.0374,53.6,66,75,8.05,CA,1627436741
lagos,6.5833,3.75,75.52,84,100,5.86,NG,1627436913
longyearbyen,78.2186,15.6401,42.64,93,75,9.22,SJ,1627436961
luderitz,-26.6481,15.1594,54.57,73,0,8.81,NA,1627436962
oloron-sainte-marie,43.1944,-0.6107,62.53,92,97,1.88,FR,1627436962
new glasgow,45.5834,-62.6486,69.58,92,98,6.73,CA,1627436963
georgetown,5.4112,100.3354,84.88,80,20,1.01,MY,1627436963
port elizabeth,-33.918,25.5701,57.49,82,0,11.5,ZA,1627436964
hambantota,6.1241,81.1185,77.34,94,100,4.61,LK,1627436964
vila franca do campo,37.7167,-25.4333,68.41,88,10,7.76,PT,1627436965
niquero,20.0431,-77.5828,81.07,80,14,6.69,CU,1627436965
dawlatabad,36.4141,64.9053,80.08,16,0,7.34,AF,1627436966
bhopal,23.2667,77.4,73.63,100,90,10.36,IN,1627436966
hermanus,-34.4187,19.2345,51.91,68,99,13.33,ZA,1627436966
berlevag,70.8578,29.0864,46.31,88,100,5.55,NO,1627436967
cidreira,-30.1811,-50.2056,47.19,56,4,18.23,BR,1627436967
avera,33.194,-82.5271,85.51,65,83,2.89,US,1627436968
jatiroto,-7.8833,111.1167,79.45,68,8,5.17,ID,1627436968
zhigalovo,54.8097,105.1578,76.23,46,79,0.81,RU,1627436968
muisne,0.6,-80.0333,75.58,85,100,6.24,EC,1627436969
dhanera,24.5167,72.0167,79.25,85,100,15.08,IN,1627436969
axim,4.8699,-2.2405,75.6,82,99,9.44,GH,1627436969
sitka,57.0531,-135.33,60.69,72,75,3.44,US,1627436970
amapa,1.0,-52.0,70.99,98,6,2.55,BR,1627436970
mugur-aksy,50.35,90.5,55.47,66,22,4.54,RU,1627436971
deputatskiy,69.3,139.9,39.69,82,100,4.47,RU,1627436971
faya,18.3851,42.4509,63.12,80,68,5.73,SA,1627436971
brasileia,-11.0161,-68.7481,76.68,66,68,1.59,BR,1627436972
chernyshevskiy,63.0128,112.4714,82.15,44,11,6.15,RU,1627436972
ambon,-3.6954,128.1814,89.74,70,40,4.61,ID,1627436901
valparaiso,-33.0393,-71.6273,53.47,72,0,5.75,CL,1627436973
palencia,42.4167,-4.5,58.8,85,0,12.33,ES,1627436973
matagami,49.7502,-77.6328,55.51,82,1,2.3,CA,1627436861
saint-georges,12.0564,-61.7485,80.28,83,20,11.5,GD,1627436974
ushtobe,45.2514,77.9838,72.66,34,0,19.77,KZ,1627436974
aklavik,68.2191,-135.0107,63.43,72,100,4.34,CA,1627436792
arlit,18.7369,7.3853,83.25,52,54,7.36,NE,1627436975
cayenne,4.9333,-52.3333,82.09,81,6,3.0,GF,1627436975
laibin,23.7,109.2667,89.47,66,30,5.03,CN,1627436975
banos,-1.4,-78.4167,55.47,96,51,1.21,EC,1627436976
deniliquin,-35.5333,144.9667,60.01,51,33,19.22,AU,1627436976
la ronge,55.1001,-105.2842,70.05,52,75,10.36,CA,1627436976
nizhneangarsk,55.7833,109.55,60.75,64,83,0.38,RU,1627436977
samsun,41.25,36.3333,74.98,69,75,18.41,TR,1627436977
artvin,41.1667,41.8333,61.88,93,59,1.21,TR,1627436977
carnarvon,-24.8667,113.6333,66.27,55,100,8.05,AU,1627436978
sisimiut,66.9395,-53.6735,50.97,69,78,4.09,GL,1627436978
fortuna,40.5982,-124.1573,76.19,93,20,8.05,US,1627436818
bambous virieux,-20.3428,57.7575,67.21,94,75,17.27,MU,1627436979
ust-kulom,61.6864,53.6902,44.08,94,89,7.65,RU,1627436979
karratha,-20.7377,116.8463,74.97,51,7,5.95,AU,1627436980
san miguel,13.4833,-88.1833,83.86,74,40,0.0,SV,1627436980
belyy yar,53.6039,91.3903,58.89,88,75,4.47,RU,1627436825
whitehorse,60.7161,-135.0538,65.01,63,40,15.99,CA,1627436980
ust-kan,50.9276,84.761,52.9,85,43,2.71,RU,1627436981
palu,-0.8917,119.8707,88.83,57,67,1.1,ID,1627436797
lagoa,39.05,-27.9833,70.02,90,99,7.9,PT,1627436981
mier,26.4333,-99.15,93.88,39,25,15.84,MX,1627436982
bogande,12.9714,-0.1436,78.89,74,100,4.29,BF,1627436982
lebu,-37.6167,-73.65,45.86,80,0,21.88,CL,1627436704
loding,67.3,14.75,64.65,88,0,1.01,NO,1627436983
palana,59.1167,159.9667,48.09,94,100,8.39,RU,1627436983
binzhou,37.3667,118.0167,83.26,56,100,12.5,CN,1627436983
namibe,-15.1961,12.1522,64.51,84,0,4.25,AO,1627436984
sur,22.5667,59.5289,97.36,39,100,24.76,OM,1627436984
mirabad,30.4362,61.8383,86.9,14,100,25.84,AF,1627436985
terrak,65.087,12.3715,66.07,58,92,7.38,NO,1627436985
tiznit,29.5833,-9.5,69.24,70,1,1.59,MA,1627436985
bengkulu,-3.8004,102.2655,80.24,67,68,3.56,ID,1627436729
nipawin,53.3668,-104.0009,80.64,44,1,5.75,CA,1627436823
padang,-0.9492,100.3543,81.77,78,88,1.45,ID,1627436986
wahiawa,21.5028,-158.0236,86.32,60,40,13.8,US,1627436987
lyuban,52.7985,28.0048,61.07,98,59,4.74,BY,1627436987
cherskiy,68.75,161.3,38.97,73,100,19.6,RU,1627436987
malartic,48.1335,-78.1328,60.91,92,2,3.15,CA,1627436988
port macquarie,-31.4333,152.9167,73.89,37,1,9.69,AU,1627436826
port blair,11.6667,92.75,82.81,83,100,19.39,IN,1627436988
samarskoye,46.9336,39.6814,61.61,62,1,6.04,RU,1627436989
salalah,17.0151,54.0924,78.89,94,90,9.22,OM,1627436777
nortelandia,-14.4547,-56.8028,76.05,52,15,8.43,BR,1627436853
college,64.8569,-147.8028,64.38,81,90,10.36,US,1627436990
bathsheba,13.2167,-59.5167,81.21,78,20,16.11,BB,1627436743
mahibadhoo,3.7833,72.9667,82.22,75,100,11.36,MV,1627436990
chicama,-7.8447,-79.1469,63.14,85,80,6.29,PE,1627436991
mizan teferi,6.9833,35.5833,60.42,94,100,2.19,ET,1627436991
kokuy,52.2037,117.5529,67.87,83,88,2.8,RU,1627436992
skibbereen,51.55,-9.2667,53.4,87,31,13.6,IE,1627436992
viedma,-40.8135,-62.9967,43.99,69,90,18.32,AR,1627436992
tautira,-17.7333,-149.15,78.82,70,77,9.26,PF,1627436865
nemuro,43.3236,145.575,84.63,89,28,10.04,JP,1627436993
touros,-5.1989,-35.4608,74.3,89,14,10.58,BR,1627436993
chimbote,-9.0853,-78.5783,65.21,88,78,9.08,PE,1627436994
alofi,-19.0595,-169.9187,75.09,94,75,5.75,NU,1627436994
sonkovo,57.7782,37.1571,58.71,81,9,5.73,RU,1627436994
pathardi,19.1667,75.1833,73.72,81,100,15.82,IN,1627436995
tiksi,71.6872,128.8694,41.54,80,21,14.18,RU,1627436995
konde,-4.95,39.75,72.86,83,6,11.27,TZ,1627436997
ucluelet,48.9329,-125.5528,81.95,73,0,1.99,CA,1627436753
saint george,37.1041,-113.5841,94.62,26,1,1.01,US,1627436998
bac lieu,9.285,105.7244,85.69,68,40,15.32,VN,1627436998
atasu,48.6814,71.6433,64.76,37,0,7.23,KZ,1627436998
pavlovka,52.6897,47.1405,59.61,80,0,5.91,RU,1627436999
catumbela,-12.4314,13.5472,68.88,87,31,0.49,AO,1627436999
havelock,34.8791,-76.9013,82.94,89,1,1.01,US,1627437000
santa rosa,14.3122,121.1114,81.91,88,100,17.56,PH,1627437000
soyo,-6.1349,12.3689,72.79,88,98,8.61,AO,1627437001
micheweni,-4.9667,39.8333,73.99,82,6,14.07,TZ,1627437001
cabedelo,-6.9811,-34.8339,74.07,85,26,9.57,BR,1627437001
razole,16.4833,81.8333,82.69,66,100,11.56,IN,1627437002
namatanai,-3.6667,152.4333,85.57,65,16,4.29,PG,1627437002
shihezi,44.3,86.0333,83.08,34,0,9.8,CN,1627437003
tilichiki,60.4667,166.1,61.61,49,85,15.7,RU,1627436877
porto novo,6.4965,2.6036,76.82,83,100,7.72,BJ,1627437004
muroto,33.2833,134.15,86.04,70,95,3.02,JP,1627437004
udachnyy,66.4167,112.4,84.2,40,74,7.78,RU,1627437004
elizabeth city,36.2946,-76.2511,83.01,89,1,3.44,US,1627437005
pochutla,15.7432,-96.4661,79.83,90,96,2.77,MX,1627437005
mayskiy,47.6931,40.1025,60.21,74,3,6.22,RU,1627437005
mayumba,-3.432,10.6554,72.59,89,99,3.18,GA,1627437006
beidao,34.5686,105.8933,75.76,58,18,3.87,CN,1627437006
bandarbeyla,9.4942,50.8122,79.29,51,46,27.54,SO,1627437007
daltenganj,24.0333,84.0667,77.58,89,100,9.22,IN,1627437007
lianran,24.9227,102.485,64.94,80,53,2.37,CN,1627437008
greensburg,40.3015,-79.5389,78.8,89,56,1.77,US,1627437008
guerrero negro,27.9769,-114.0611,71.85,76,0,17.34,MX,1627437008
poum,-20.2333,164.0167,72.55,59,8,13.85,NC,1627436774
omboue,-1.5746,9.2618,72.52,85,34,4.76,GA,1627437009
el alto,-4.2714,-81.2147,66.11,86,70,14.58,PE,1627437009
sungaipenuh,-2.0833,101.3833,72.61,70,84,0.63,ID,1627437010
kiama,-34.6833,150.8667,73.45,42,45,7.0,AU,1627437010
talnakh,69.4865,88.3972,62.55,85,94,3.67,RU,1627437011
bera,24.0833,89.6167,79.45,90,100,18.79,BD,1627437011
neuquen,-38.9516,-68.0591,40.89,60,0,0.0,AR,1627437011
kahului,20.8947,-156.47,87.82,75,40,25.32,US,1627437012
port hedland,-20.3167,118.5667,77.05,65,27,4.61,AU,1627436808
tera,14.0078,0.7531,79.92,69,100,4.83,NE,1627437012
douentza,14.9951,-2.9517,83.55,65,100,4.32,ML,1627437013
ahtopol,42.1,27.95,70.27,63,0,3.83,BG,1627437013
labrea,-7.2586,-64.7981,81.07,45,53,2.71,BR,1627437013
okmulgee,35.6234,-95.9605,91.29,80,1,12.06,US,1627437014
nuevitas,21.5453,-77.2644,81.84,86,49,6.02,CU,1627437014
tukrah,32.5341,20.5791,75.31,77,0,8.75,LY,1627437015
surt,31.2089,16.5887,78.17,65,0,9.6,LY,1627437015
kalawit,8.0667,122.5167,86.38,72,57,13.29,PH,1627437015
naze,28.3667,129.4833,81.52,85,57,12.73,JP,1627437016
stornoway,58.2093,-6.3865,59.94,94,90,8.05,GB,1627437016
korla,41.7597,86.1469,91.45,15,6,11.95,CN,1627437016
plavinas,56.6178,25.7255,62.6,99,100,3.76,LV,1627437017
bonthe,7.5264,-12.505,76.62,85,100,10.38,SL,1627437017
konanur,12.6264,76.0542,68.59,90,100,9.33,IN,1627437018
coahuayana,18.7333,-103.6833,79.21,91,100,1.77,MX,1627437018
nanortalik,60.1432,-45.2371,44.65,83,100,5.3,GL,1627437018
berbera,10.4396,45.0143,86.88,45,100,25.77,SO,1627437019
champerico,14.3,-91.9167,84.34,75,16,3.04,GT,1627437019
port hardy,50.6996,-127.4199,64.58,68,40,11.5,CA,1627437019
moree,-29.4667,149.85,64.42,59,1,17.27,AU,1627437020
port lincoln,-34.7333,135.8667,55.62,60,22,25.46,AU,1627436802
roald,62.5833,6.1333,67.15,94,75,3.44,NO,1627437020
khani,41.9563,42.9566,62.17,94,98,2.26,GE,1627437021
shelburne,44.0787,-80.2041,67.28,84,2,5.26,CA,1627437021
kavieng,-2.5744,150.7967,84.51,71,9,8.23,PG,1627437022
sovetskaya gavan,48.9723,140.2878,77.95,69,98,6.87,RU,1627437022
zomin,39.9606,68.3958,74.88,22,0,8.81,UZ,1627437022
storsteinnes,69.2408,19.2344,48.85,88,2,2.46,NO,1627437023
lebrija,36.9208,-6.0753,75.92,63,0,6.53,ES,1627437023
bandundu,-3.3167,17.3667,68.32,31,1,3.78,CD,1627436730
salgueiro,-8.0742,-39.1192,73.27,73,93,13.8,BR,1627437024
upata,8.0086,-62.3989,70.86,97,100,3.65,VE,1627437024
fare,-16.7,-151.0167,77.76,75,18,9.53,PF,1627437025
khandbari,27.3747,87.2039,78.57,76,79,0.96,NP,1627437025
fairbanks,64.8378,-147.7164,64.4,75,90,8.05,US,1627436997
namtsy,62.7161,129.6658,73.51,33,12,10.47,RU,1627437026
beloha,-25.1667,45.05,61.97,75,0,12.03,MG,1627437026
shunyi,40.125,116.6453,80.55,83,20,2.24,CN,1627437026
pokhara,28.2333,83.9833,76.64,84,98,1.88,NP,1627437027
kapit,2.0167,112.9333,86.79,66,32,1.7,MY,1627437027
provideniya,64.3833,-173.3,50.11,81,90,8.95,RU,1627437027
caravelas,-17.7125,-39.2481,72.18,84,0,7.63,BR,1627437028
saint anthony,45.0205,-93.218,89.49,69,20,4.0,US,1627437028
slave lake,55.2834,-114.769,71.58,53,1,9.22,CA,1627436791
montrose,38.4166,-108.2673,72.81,57,4,6.29,US,1627437029
kapoeta,4.7717,33.5903,71.58,78,58,3.04,SS,1627437029
hualmay,-11.0964,-77.6139,63.91,86,43,11.59,PE,1627437029
formosa,-26.1775,-58.1781,40.98,70,0,2.3,AR,1627437030
trairi,-3.2778,-39.2689,77.41,85,8,10.29,BR,1627436979
leningradskiy,69.3833,178.4167,33.8,98,100,10.11,RU,1627437030
moroni,-11.7022,43.2551,73.26,78,2,11.7,KM,1627437031
kupino,54.3663,77.2981,60.26,62,86,5.7,RU,1627437031
noumea,-22.2763,166.4572,76.98,99,20,13.94,NC,1627437032
cabo san lucas,22.8909,-109.9124,91.62,70,6,11.01,MX,1627437032
bangkal,6.0667,121.0667,85.46,71,85,10.54,PH,1627437032
mabaruma,8.2,-59.7833,74.28,98,66,2.68,GY,1627437033
souillac,-20.5167,57.5167,67.35,94,75,17.27,MU,1627436757
gold coast,-28.0,153.4333,74.17,58,1,8.99,AU,1627437033
mount gambier,-37.8333,140.7667,46.31,93,75,14.97,AU,1627436747
marawi,7.9986,124.2928,82.65,55,88,7.92,PH,1627437034
lakes entrance,-37.8811,147.981,61.57,54,24,11.95,AU,1627437034
pangody,65.85,74.4859,52.81,60,97,12.06,RU,1627437035
apatou,5.155,-54.3472,73.2,99,18,3.74,GF,1627437035
ikom,5.9667,8.7063,71.53,91,86,1.66,NG,1627437035
flin flon,54.7682,-101.865,69.62,60,1,4.21,CA,1627437036
hoquiam,46.9809,-123.8893,83.26,51,1,11.5,US,1627437036
boca do acre,-8.7522,-67.3978,76.66,63,11,2.33,BR,1627437036
shu,43.5983,73.7614,78.93,26,0,8.5,KZ,1627437037
tongliao,43.6125,122.2653,76.44,78,100,3.0,CN,1627437037
clemencia,10.5665,-75.325,78.17,91,100,1.52,CO,1627437038
chadan,51.2833,91.5833,61.14,84,92,1.12,RU,1627437038
zemio,5.0314,25.1361,69.51,90,100,1.1,CF,1627437038
komsomolskiy,40.4272,71.7189,81.32,41,2,0.0,UZ,1627437039
andilamena,-17.0167,48.5833,51.4,95,69,4.25,MG,1627437039
montepuez,-13.1256,38.9997,59.86,71,3,8.72,MZ,1627437040
tura,25.5198,90.2201,79.7,91,96,3.47,IN,1627437040
bo rai,12.5728,102.5371,78.82,91,100,4.7,TH,1627437041
corrientes,-27.4806,-58.8341,42.94,74,0,0.0,AR,1627437041
burlington,39.8835,-74.6413,83.52,74,1,0.0,US,1627437022
auki,-8.7676,160.7034,85.95,60,95,2.95,SB,1627437041
lang son,21.8333,106.7333,78.71,92,100,4.16,VN,1627437042
oneonta,42.4529,-75.0638,67.3,87,100,1.54,US,1627437042
thompson,55.7435,-97.8558,69.96,56,75,4.61,CA,1627437043
port-gentil,-0.7193,8.7815,75.29,80,38,9.35,GA,1627437043
kalevala,65.2,31.1667,56.97,66,7,4.05,RU,1627436902
ballina,-28.8667,153.5667,73.78,53,19,8.05,AU,1627437044
iqaluit,63.7506,-68.5145,49.73,61,40,10.0,CA,1627437044
uglovka,58.2392,33.5108,60.21,82,100,4.92,RU,1627437044
pacific grove,36.6177,-121.9166,85.98,82,20,3.0,US,1627436865
leshukonskoye,64.8989,45.7622,42.48,88,79,5.35,RU,1627436776
yumen,40.2833,97.2,82.08,17,0,5.46,CN,1627437045
antofagasta,-23.65,-70.4,56.48,78,39,5.79,CL,1627437045
yarada,17.65,83.2667,84.52,79,75,11.5,IN,1627437046
camabatela,-8.1881,15.375,54.07,52,28,1.1,AO,1627437046
rusape,-18.5278,32.1284,40.89,93,0,1.97,ZW,1627437046
bereda,43.2686,-7.5406,61.92,98,90,3.94,ES,1627437047
praia,14.9215,-23.5087,77.54,78,75,8.05,CV,1627436929
cap malheureux,-19.9842,57.6142,67.46,91,100,5.99,MU,1627437047
kinablangan,7.6947,126.5503,87.26,65,89,6.44,PH,1627437048
high level,58.5169,-117.136,71.71,49,75,3.44,CA,1627437048
olafsvik,64.8945,-23.7142,51.22,87,100,14.23,IS,1627436800
grande prairie,55.1667,-118.8027,75.38,27,20,10.36,CA,1627437049
kozhva,65.1073,57.0459,43.38,96,100,12.8,RU,1627437049
constitucion,-35.3333,-72.4167,45.09,77,0,7.11,CL,1627437049
vao,-22.6667,167.4833,68.09,63,46,16.08,NC,1627437050
sioux lookout,50.1001,-91.917,77.38,64,40,0.0,CA,1627437050
laguna,38.421,-121.4238,97.65,31,1,5.01,US,1627436967
nyurba,63.2842,118.3319,79.56,46,17,4.09,RU,1627437051
alice springs,-23.7,133.8833,74.75,31,0,13.8,AU,1627437051
minab,27.1467,57.0801,90.9,48,100,0.96,IR,1627437052
imbituba,-28.24,-48.6703,55.29,69,33,16.73,BR,1627437052
bonavista,48.6499,-53.1147,66.11,98,100,17.45,CA,1627437053
comodoro rivadavia,-45.8667,-67.5,37.26,75,0,4.61,AR,1627437038
grong,64.4654,12.3149,62.01,64,59,4.81,NO,1627437053
bekobod,40.2208,69.2697,76.69,19,0,9.42,UZ,1627437053
campamento,14.55,-86.65,69.19,95,100,4.54,HN,1627437054
casper,42.8666,-106.3131,93.79,14,1,8.01,US,1627437009
bolobo,-2.1667,16.2333,69.78,37,6,3.49,CD,1627437054
fremont,37.5483,-121.9886,94.8,57,1,4.0,US,1627436812
dukat,62.55,155.55,43.99,70,100,6.2,RU,1627437055
san rafael,-34.6177,-68.3301,39.74,37,0,3.13,AR,1627436892
mecca,21.4267,39.8261,81.39,75,98,5.5,SA,1627437055
xiamen,24.4798,118.0819,87.85,84,20,6.71,CN,1627437056
concepcion,-36.827,-73.0498,46.2,71,0,10.36,CL,1627437056
shenjiamen,29.9576,122.298,79.14,92,100,14.07,CN,1627437057
harwich,51.9419,1.2844,64.35,89,98,5.01,GB,1627437057
broome,42.2506,-75.833,68.58,97,90,1.01,US,1627437057
shipitsyno,61.2806,46.5208,46.11,86,4,3.51,RU,1627437058
xining,36.6167,101.7667,62.29,52,48,3.4,CN,1627437058
shemonaikha,50.6328,81.9056,62.2,56,0,8.19,KZ,1627437059
athabasca,54.7169,-113.2854,76.82,29,0,11.97,CA,1627437059
dunedin,-45.8742,170.5036,51.8,56,34,7.0,NZ,1627436891
cairns,-16.9167,145.7667,81.1,63,40,8.05,AU,1627436841
kikwit,-5.041,18.8162,65.48,27,2,2.64,CD,1627437060
shakawe,-18.3667,21.85,45.37,58,2,5.3,BW,1627437060
datong,40.0936,113.2914,78.55,51,86,3.8,CN,1627437061
longkou,37.6508,120.3286,82.78,68,88,7.18,CN,1627437061
jinchang,38.4953,102.1739,82.31,18,1,6.78,CN,1627437062
zadar,44.1197,15.2422,75.65,83,0,4.61,HR,1627437062
dandong,40.1292,124.3947,88.29,63,79,2.59,CN,1627437062
zhicheng,30.2956,111.5047,86.59,68,2,6.24,CN,1627437063
savannakhet,16.566,104.751,82.42,78,40,2.3,LA,1627437063
vilhena,-12.7406,-60.1458,72.27,55,49,6.6,BR,1627436950
marrakesh,31.6315,-8.0083,78.87,53,0,3.44,MA,1627437030
saint-francois,46.4154,3.9054,63.18,100,90,2.3,FR,1627437064
biak,-0.9131,122.8766,81.75,71,89,6.98,ID,1627437065
jurm,36.8648,70.8342,74.1,40,0,0.25,AF,1627437065
garissa,-0.4536,39.6401,71.78,73,76,18.23,KE,1627437065
narrabri,-30.3167,149.7833,70.52,45,5,25.32,AU,1627436879
zimovniki,47.1483,42.4633,63.81,69,1,8.97,RU,1627437066
kaduqli,11.0167,29.7167,70.63,96,90,4.9,SD,1627437066
manzhouli,49.6,117.4333,73.33,57,34,9.06,CN,1627437067
oussouye,12.485,-16.5469,79.32,79,100,7.31,SN,1627437067
gribanovskiy,51.4579,41.9764,62.13,79,30,5.73,RU,1627437067
fairhope,30.523,-87.9033,87.69,79,40,0.0,US,1627436912
tirumala,13.6833,79.35,73.58,62,100,10.22,IN,1627437068
labis,2.385,103.021,84.42,68,55,5.28,MY,1627437068
lotoshino,56.2267,35.6414,60.46,90,98,3.96,RU,1627437069
kazerun,29.6195,51.6541,90.5,18,4,10.11,IR,1627437069
abengourou,6.7297,-3.4964,68.11,100,98,1.83,CI,1627437070
lorengau,-2.0226,147.2712,84.11,74,4,6.15,PG,1627437070
matara,5.9485,80.5353,79.79,88,93,11.07,LK,1627437070
launceston,-41.45,147.1667,51.62,85,75,5.01,AU,1627437071
kupang,-10.1667,123.5833,84.78,51,20,19.57,ID,1627437071
ippy,6.2679,21.2247,67.93,99,100,2.95,CF,1627437071
nanyang,32.9947,112.5328,82.89,66,87,12.55,CN,1627437072
venado tuerto,-33.7456,-61.9688,37.69,59,9,9.17,AR,1627437072
yarim,14.298,44.3779,59.36,72,30,2.39,YE,1627437073
tula,54.2044,37.6111,62.74,79,100,4.05,RU,1627436957
kolambugan,8.1144,123.8971,89.19,62,62,11.01,PH,1627437073
quelimane,-17.8786,36.8883,60.75,100,75,5.99,MZ,1627437074
mackay,-21.15,149.2,76.68,68,89,9.22,AU,1627437074
lida,53.8833,25.2997,62.76,93,57,3.8,BY,1627437074
saint-augustin,51.226,-58.6502,60.4,99,100,7.67,CA,1627437075
mehamn,71.0357,27.8492,46.76,86,96,3.42,NO,1627437075
kaeo,-35.1,173.7833,64.33,70,98,7.09,NZ,1627437076
kodinsk,58.6881,99.1844,72.57,71,100,6.93,RU,1627437076
milwaukee,43.0006,-87.9668,80.19,78,90,1.01,US,1627436751
vila velha,-20.3297,-40.2925,73.35,83,0,9.22,BR,1627436837
togul,53.465,85.9128,61.93,66,0,1.66,RU,1627437077
los llanos de aridane,28.6585,-17.9182,69.55,90,90,13.8,ES,1627436897
bakau,13.4781,-16.6819,78.94,83,40,6.91,GM,1627437077
llata,-9.4167,-76.7833,48.47,89,44,2.01,PE,1627437078
xapuri,-10.6517,-68.5044,76.23,68,35,0.98,BR,1627437078
neusiedl am see,47.9357,16.8325,72.01,75,33,4.05,AT,1627437079
te anau,-45.4167,167.7167,51.82,72,96,2.98,NZ,1627437079
wanning,18.8003,110.3967,89.17,64,100,8.32,CN,1627437079
mokhsogollokh,61.4681,128.9203,73.06,39,12,6.78,RU,1627437080
kalemie,-5.9475,29.1947,67.73,70,37,5.97,CD,1627437080
balkanabat,39.5108,54.3671,90.19,20,0,6.64,TM,1627437080
ocampo,21.65,-101.5,63.54,56,40,11.95,MX,1627437081
owase,34.0667,136.2,86.56,55,91,4.14,JP,1627437081
muros,42.7762,-9.0603,64.99,86,17,8.95,ES,1627436783
lerwick,60.1545,-1.1494,55.4,94,98,7.54,GB,1627437082
havoysund,70.9963,24.6622,43.68,88,92,4.47,NO,1627437082
mayo,38.8876,-76.5119,83.39,84,0,4.54,US,1627437082
eureka,40.8021,-124.1637,58.57,87,100,4.43,US,1627437083
otane,-39.8833,176.6333,59.38,52,2,6.17,NZ,1627437083
ostrovnoy,68.0531,39.5131,52.36,80,100,4.63,RU,1627437084
wete,-5.0559,39.7294,72.5,82,5,11.03,TZ,1627437084
sola,-13.8833,167.55,79.43,79,37,22.7,VU,1627437084
tual,-5.6667,132.75,80.74,82,99,15.57,ID,1627437085
lakatoro,-16.0999,167.4164,79.05,75,47,17.27,VU,1627437085
thabazimbi,-24.5917,27.4116,45.5,53,0,1.74,ZA,1627436910
loa janan,-0.583,117.095,86.5,62,73,5.03,ID,1627437086
bartica,6.4,-58.6167,77.32,98,34,1.99,GY,1627437086
manokwari,-0.8667,134.0833,84.04,70,100,4.5,ID,1627437086
tazovskiy,67.4667,78.7,44.83,81,96,6.98,RU,1627437087
koungheul,13.9833,-14.8,80.29,73,100,9.75,SN,1627437087
grindavik,63.8424,-22.4338,51.57,87,0,16.11,IS,1627437088
kotma,23.2,81.9667,73.62,91,100,12.68,IN,1627437088
lodja,-3.4833,23.4333,65.26,43,24,1.52,CD,1627437088
saint-pierre,-21.3393,55.4781,67.68,80,90,19.57,RE,1627437089
sechura,-5.5569,-80.8222,69.15,79,53,14.81,PE,1627437089
conde,-7.2597,-34.9075,72.86,100,20,4.61,BR,1627437090
kemin,42.7846,75.6892,72.32,50,2,2.06,KG,1627437090
grimshaw,56.1834,-117.6027,75.02,46,40,13.8,CA,1627437090
sao miguel do araguaia,-13.275,-50.1628,71.94,34,2,2.37,BR,1627437091
xinqing,48.2333,129.5,84.56,56,48,7.83,CN,1627437091
kiunga,-6.1219,141.2906,76.3,93,100,2.13,PG,1627437091
luzhou,28.8724,105.4405,83.52,79,7,3.15,CN,1627437092
necochea,-38.5473,-58.7368,45.03,68,100,22.53,AR,1627437092
karakol,42.4907,78.3936,71.74,41,98,2.48,KG,1627437093
lacey,47.0343,-122.8232,86.07,50,1,1.99,US,1627436699
ust-maya,60.4167,134.5333,75.4,40,8,6.49,RU,1627437093
geraldton,-28.7667,114.6,65.12,88,90,11.5,AU,1627437094
abeche,13.8292,20.8324,75.56,80,100,5.23,TD,1627437094
newport,51.5877,-2.9984,61.86,90,92,8.25,GB,1627437095
fallon,39.4735,-118.7774,90.43,22,75,17.27,US,1627437095
enshi,30.3,109.4833,83.77,72,40,0.96,CN,1627437095
sao joao da barra,-21.6403,-41.0511,70.14,84,0,14.52,BR,1627437096
quesnel,52.9999,-122.5029,77.5,29,1,2.3,CA,1627437096
bela vista,-22.1089,-56.5211,57.33,34,99,7.4,BR,1627437096
iturama,-19.7281,-50.1956,68.16,73,99,14.41,BR,1627437097
atambua,-9.1061,124.8925,84.06,44,79,2.35,ID,1627437097
petropavlovsk-kamchatskiy,53.0452,158.6483,79.39,44,20,13.42,RU,1627437098
strezhevoy,60.7333,77.5889,58.98,75,16,6.17,RU,1627437098
merritt island,28.5392,-80.672,80.28,88,29,5.01,US,1627437099
at-bashi,41.1702,75.8106,69.91,51,79,1.79,KG,1627437099
eyl,7.9803,49.8164,78.48,58,100,18.63,SO,1627437099
kesova gora,57.5836,37.2922,59.0,80,17,5.57,RU,1627437100
senanga,-16.1167,23.2667,46.42,69,6,5.86,ZM,1627436858
patea,-39.7583,174.4833,58.6,75,42,10.74,NZ,1627437100
usinsk,65.9939,57.5281,43.03,93,100,15.1,RU,1627437101
vaitape,-16.5167,-151.75,77.79,75,52,9.01,PF,1627437101
vestmannaeyjar,63.4427,-20.2734,53.2,85,36,3.38,IS,1627437102
penzance,50.1186,-5.5371,60.01,81,6,18.19,GB,1627437102
myitkyina,25.3833,97.4,77.36,97,100,1.3,MM,1627437102
cockburn town,21.4612,-71.1419,81.66,78,14,18.63,TC,1627436841
dakar,14.6937,-17.4441,77.88,79,99,15.88,SN,1627436811
candido mota,-22.7464,-50.3869,57.15,89,79,9.71,BR,1627437103
abu samrah,35.3029,37.1841,76.8,48,0,9.78,SY,1627437103
zambezi,-13.5432,23.1047,47.28,61,63,6.08,ZM,1627437104
morondava,-20.2833,44.2833,64.67,60,0,12.24,MG,1627437104
waitati,-45.75,170.5667,51.8,56,37,3.04,NZ,1627437105
prince george,53.9166,-122.753,72.84,41,1,5.75,CA,1627436844
ahuimanu,21.4447,-157.8378,89.31,62,75,12.66,US,1627437105
